一级分类名称,二级分类名称,事件类型,重要程度,事件类型
财务变动事项,财务风险事项,放弃债权/财产超标,5,公告事件
财务变动事项,财务风险事项,净资产下降超标,5,公告事件
财务变动事项,财务风险事项,累计对外提供担保超标,5,公告事件
财务变动事项,财务风险事项,累计新增借款超标,5,公告事件
财务变动事项,财务风险事项,重大损失超标,5,公告事件
财务变动事项,负债科目事项,或有负债,4,公告事件
财务变动事项,负债科目事项,计提预计负债,4,公告事件
财务变动事项,会计政策变动事项,会计差错更正,3,公告事件
财务变动事项,资产科目事项,处置存货,4,公告事件
财务变动事项,资产科目事项,存货报损,4,公告事件
财务变动事项,资产科目事项,存货盘亏,4,公告事件
财务变动事项,资产科目事项,计提存货跌价准备,4,公告事件
财务变动事项,资产科目事项,终止确认递延所得税,4,公告事件
财务变动事项,资产科目事项,固定资产报废处理,4,公告事件
财务变动事项,资产科目事项,处置交易性金融资产,4,公告事件
财务变动事项,资产科目事项,处置可供出售金融资产,4,公告事件
财务变动事项,资产科目事项,核销可供出售金融资产,4,公告事件
财务变动事项,资产科目事项,开发支出减值损失,4,公告事件
财务变动事项,资产科目事项,计提商誉减值准备,5,公告事件
财务变动事项,资产科目事项,商誉减值风险提示,5,公告事件
财务变动事项,资产科目事项,出售无形资产,4,公告事件
财务变动事项,资产科目事项,核销无形资产,4,公告事件
财务变动事项,资产科目事项,应收票据未兑付,4,公告事件
财务变动事项,资产科目事项,应收账款可能收不回,4,公告事件
财务变动事项,资产科目事项,长期待摊费用处理,4,公告事件
财务变动事项,资产科目事项,核销资产,4,公告事件
财务变动事项,资产科目事项,坏账核销,4,公告事件
财务变动事项,资产科目事项,计提坏账准备,4,公告事件
财务变动事项,资产科目事项,计提信用和资产减值准备,4,公告事件
定期报告披露,定期报告披露变动,定期报告变更披露,3,公告事件
定期报告披露,定期报告披露变动,定期报告不能按时披露,3,公告事件
定期报告披露,定期报告披露变动,定期报告提前披露,3,公告事件
定期报告披露,定期报告披露变动,定期报告延期披露,3,公告事件
定期报告披露,审计意见内容,带强调事项无保留意见,4,公告事件
定期报告披露,审计意见内容,非标准无保留意见,4,公告事件
定期报告披露,审计意见内容,否定意见,5,公告事件
定期报告披露,审计意见内容,无法表示意见,5,公告事件
定期报告披露,审计意见内容,有保留意见,4,公告事件
定期报告披露,审计意见内容,重大不确定事项无保留意见,4,公告事件
对外投融资事项,贷款事项,贷款被催款,3,公告事件
对外投融资事项,贷款事项,贷款逾期,3,公告事件
对外投融资事项,贷款事项,股东借款,3,公告事件
对外投融资事项,担保事项,担保履责,4,公告事件
对外投融资事项,担保事项,担保人代偿,4,公告事件
对外投融资事项,担保事项,担保债未能兑付,4,公告事件
对外投融资事项,担保事项,违规担保,4,公告事件
对外投融资事项,担保事项,置换担保抵押物,4,公告事件
对外投融资事项,对外投资事项,终止对外投资,3,公告事件
对外投融资事项,对外投资事项,注销合资公司,3,公告事件
对外投融资事项,股权交易事项,终止收购股权,3,公告事件
对外投融资事项,股权交易事项,子公司股权质押,3,公告事件
对外投融资事项,投资产业基金,减少产业基金投资,4,公告事件
对外投融资事项,投资产业基金,终止产业基金投资,4,公告事件
对外投融资事项,委托贷款,委托贷款逾期,3,公告事件
对外投融资事项,委托贷款,委托贷款展期,3,公告事件
对外投融资事项,债权债务事项,债务逾期,5,公告事件
对外投融资事项,资产交易事项,终止收购资产,3,公告事件
对外投融资事项,子公司投资事项,放弃子公司优先受让权,3,公告事件
对外投融资事项,子公司投资事项,注销子公司,3,公告事件
法律相关事项,法院事项,司法拍卖,5,公告事件
法律相关事项,反倾销,反倾销纠纷,3,公告事件
法律相关事项,接受立案调查,高管被审查调查,5,公告事件
法律相关事项,接受立案调查,高管接受公安局调查,5,公告事件
法律相关事项,接受立案调查,立案调查进展,5,公告事件
法律相关事项,接受立案调查,立案调查通知,5,公告事件
法律相关事项,破产清算,客户破产清算,4,公告事件
法律相关事项,破产清算,控股股东破产清算,5,公告事件
法律相关事项,破产清算,孙公司破产清算,4,公告事件
法律相关事项,破产清算,重要股东破产清算,4,公告事件
法律相关事项,破产清算,子公司破产清算,4,公告事件
法律相关事项,侵权,侵权纠纷,3,公告事件
法律相关事项,诉讼仲裁,累计诉讼仲裁情况公告,5,公告事件
法律相关事项,诉讼仲裁,涉及诉讼,5,公告事件
法律相关事项,信用风险事项,列入安全生产失信名单,5,公告事件
法律相关事项,信用风险事项,子公司列入安全生产失信名单,4,公告事件
法律相关事项,信用风险事项,控股股东列入失信被执行人,5,公告事件
法律相关事项,信用风险事项,列入失信被执行人,5,公告事件
法律相关事项,信用风险事项,子公司列入失信被执行人,4,公告事件
法律相关事项,行政处罚事项,各部委监管处罚,4,公告事件
法律相关事项,行政处罚事项,金融监管处罚,5,公告事件
法律相关事项,行政处罚事项,税务处理决定,3,公告事件
法律相关事项,虚假误导陈述,虚假误导陈述,3,公告事件
法律相关事项,质量赔偿,产品质量赔偿,3,公告事件
法律相关事项,资产查封冻结,银行账户冻结,5,公告事件
法律相关事项,资产查封冻结,资产查封冻结,5,公告事件
法律相关事项,资产查封冻结,资产受限,5,公告事件
公司人员变动,董监高变动,年度1/3以上董事变动,5,公告事件
公司人员变动,董监高变动,年度2/3以上监事变动,5,公告事件
公司人员变动,董监高变动,无法履行职责,5,公告事件
公司人员变动,董监高人员去世,财务负责人去世,5,公告事件
公司人员变动,董监高人员去世,董事去世,3,公告事件
公司人员变动,董监高人员去世,董事长去世,5,公告事件
公司人员变动,董监高人员去世,独立董事去世,3,公告事件
公司人员变动,董监高人员去世,副总经理去世,3,公告事件
公司人员变动,董监高人员去世,高管去世,4,公告事件
公司人员变动,董监高人员去世,总经理去世,5,公告事件
公司人员变动,董秘去世,董秘去世,3,公告事件
公司人员变动,法定代表人变动,法人代表变动,5,公告事件
公司人员变动,重要人员失联,董事长失联,5,公告事件
公司人员变动,重要人员失联,实际控制人控股股东失联,5,公告事件
公司治理事项,股东大会事项,董事会否决议案,3,公告事件
公司治理事项,股东大会事项,非标准审计报告董事会意见,3,公告事件
公司治理事项,股东大会事项,非标准审计报告独董意见,3,公告事件
公司治理事项,股东大会事项,临时股东大会取消召开,3,公告事件
公司治理事项,股东大会事项,临时股东大会暂不召开,3,公告事件
公司治理事项,股东大会事项,股东大会无法召开,3,公告事件
公司治理事项,股东大会事项,年度股东大会取消召开,3,公告事件
股东实际控制人变动事项,股东持股变动事项,董监高违规买卖股票,3,公告事件
股东实际控制人变动事项,股东持股变动事项,股东违规买卖股票,3,公告事件
股东实际控制人变动事项,股东持股变动事项,控股股东减持,4,公告事件
股东实际控制人变动事项,股东持股变动事项,控股股东减持计划,4,公告事件
股东实际控制人变动事项,股东持股变动事项,控股股东提前终止减持计划,4,公告事件
股东实际控制人变动事项,股东持有可转债变动事项,控股股东减持可转债,4,公告事件
股东实际控制人变动事项,股东持有可转债变动事项,实际控制人减持可转债,5,公告事件
股东实际控制人变动事项,股东股份承诺事项,豁免股东减持承诺,3,公告事件
股东实际控制人变动事项,股东股份承诺事项,豁免股东锁定承诺,3,公告事件
股东实际控制人变动事项,股权质押事项,股东补充股权质押,3,公告事件
股东实际控制人变动事项,股权质押事项,股东股权质押,3,公告事件
股东实际控制人变动事项,股权质押事项,股东股权质押延期,3,公告事件
股东实际控制人变动事项,股权质押事项,控股股东补充股权质押,4,公告事件
股东实际控制人变动事项,股权质押事项,控股股东股权质押,4,公告事件
股东实际控制人变动事项,股权质押事项,控股股东股权质押延期,4,公告事件
股东实际控制人变动事项,股权质押事项,实际控制人补充股权质押,5,公告事件
股东实际控制人变动事项,股权质押事项,实际控制人股权质押,5,公告事件
股东实际控制人变动事项,股权质押事项,实际控制人股权质押延期,5,公告事件
股东实际控制人变动事项,控制权变动事项,丧失重要子公司控制权,5,公告事件
股东实际控制人变动事项,实际控制人变动事项,实际控制人减持,5,公告事件
股东实际控制人变动事项,实际控制人变动事项,实际控制人减持计划,5,公告事件
股东实际控制人变动事项,实际控制人变动事项,实际控制人提前终止减持计划,5,公告事件
股东实际控制人变动事项,限售流通事项,限售解禁,5,公告事件
股票发行事项,非公开发行股票,非公开发行股票批复失效,5,公告事件
股票发行事项,非公开发行股票,非公开发行股票审核未通过,5,公告事件
股票发行事项,非公开发行股票,预案无法提供前次募集资金报告,5,公告事件
股票发行事项,非公开发行股票,终止筹划非公开发行股票,5,公告事件
股票发行事项,公开增发股票,公开增发股票批复失效,5,公告事件
股票发行事项,公开增发股票,终止筹划公开增发股票,5,公告事件
股票发行事项,配股,配股批复失效,5,公告事件
股票发行事项,配股,配股未获准通过,5,公告事件
股票发行事项,配股,终止筹划配股,5,公告事件
股票发行事项,配股,终止配股发行,5,公告事件
股票发行事项,三板挂牌上市,子公司终止三板挂牌,5,公告事件
规范运作事项,董监高行为规范,董监高减持,3,公告事件
规范运作事项,董监高行为规范,董监高减持计划,3,公告事件
规范运作事项,董监高行为规范,豁免董监高不减持承诺,3,公告事件
规范运作事项,董监高行为规范,豁免董监高锁定承诺,3,公告事件
规范运作事项,公司承诺事项,变更承诺履行期限,3,公告事件
规范运作事项,公司承诺事项,变更承诺内容,3,公告事件
规范运作事项,公司承诺事项,变更承诺主体,3,公告事件
规范运作事项,公司承诺事项,未按期履行承诺,3,公告事件
规范运作事项,公司承诺事项,未履行承诺,3,公告事件
规范运作事项,公司承诺事项,追加承诺,3,公告事件
规范运作事项,公司承诺事项,变更分红承诺,3,公告事件
规范运作事项,公司承诺事项,变更同业竞争承诺,3,公告事件
规范运作事项,公司承诺事项,解决同业竞争承诺,3,公告事件
规范运作事项,公司承诺事项,同业竞争承诺,3,公告事件
规范运作事项,公司承诺事项,变更业绩承诺,3,公告事件
规范运作事项,公司承诺事项,调整业绩承诺,3,公告事件
规范运作事项,公司承诺事项,未实现业绩承诺说明,4,公告事件
规范运作事项,公司承诺事项,延长业绩承诺期,3,公告事件
规范运作事项,公司承诺事项,业绩承诺补偿纠纷,4,公告事件
规范运作事项,公司承诺事项,业绩承诺补偿仲裁,4,公告事件
规范运作事项,公司承诺事项,业绩承诺无法实现,4,公告事件
规范运作事项,公司承诺事项,终止业绩承诺,3,公告事件
规范运作事项,股份回购事项,终止回购股份方案,3,公告事件
规范运作事项,股权激励计划事项,终止筹划股权激励计划,5,公告事件
规范运作事项,利润分配事项,分红调整,3,公告事件
规范运作事项,利润分配事项,拟不分红,3,公告事件
规范运作事项,利润分配事项,法定盈余弥补亏损,3,公告事件
规范运作事项,利润分配事项,未弥补亏损超实收股本三分之一,3,公告事件
规范运作事项,募投资金项目,变更募投项目,3,公告事件
规范运作事项,募投资金项目,调整募集资金投资项目进度,3,公告事件
规范运作事项,募投资金项目,调整募投项目实施地点,3,公告事件
规范运作事项,募投资金项目,调整募投项目实施主体,3,公告事件
规范运作事项,募投资金项目,募投项目延期,3,公告事件
规范运作事项,募投资金项目,使用募集资金投资新项目,3,公告事件
规范运作事项,募投资金项目,缩减募投规模,3,公告事件
规范运作事项,募投资金项目,暂停募投项目,4,公告事件
规范运作事项,募投资金项目,终止募投项目,4,公告事件
规范运作事项,募投资金项目,重新论证募投项目,3,公告事件
规范运作事项,投资者关系事项,市场传闻澄清,3,公告事件
规范运作事项,投资者关系事项,终止重大交易投资者说明会,3,公告事件
内部控制事项,整改报告,关联方资金占用整改报告,3,公告事件
内部控制事项,整改报告,警示函整改报告,3,公告事件
内部控制事项,整改报告,内部控制整改报告,3,公告事件
内部控制事项,整改报告,行政措施整改报告,3,公告事件
内部控制事项,整改报告,责令改正整改报告,3,公告事件
市场交易变动事项,股票交易风险提示,股票交易风险警示,3,公告事件
市场交易变动事项,交易波动提示,股票交易异常波动提示,3,公告事件
市场交易变动事项,其他风险提示,撤销其他风险警示,5,公告事件
市场交易变动事项,其他风险提示,其他风险警示,5,公告事件
市场交易变动事项,其他风险提示,申请撤销其他风险警示,5,公告事件
市场交易变动事项,其他风险提示,争取撤销其他风险警示工作,5,公告事件
市场交易变动事项,三板层级变动风险提示,调出创新层风险提示,5,公告事件
市场交易变动事项,退市交易风险提示,撤销退市风险警示,5,公告事件
市场交易变动事项,退市交易风险提示,股票终止挂牌,5,公告事件
市场交易变动事项,退市交易风险提示,申请撤销退市风险警示,5,公告事件
市场交易变动事项,退市交易风险提示,退市风险警示,5,公告事件
市场交易变动事项,退市交易风险提示,暂停上市风险提示,5,公告事件
市场交易变动事项,退市交易风险提示,终止上市风险提示,5,公告事件
市场交易变动事项,退市交易风险提示,做市商不足停牌提示,5,公告事件
市场交易变动事项,业绩经营风险提示,持续经营风险提示,5,公告事件
市场交易变动事项,业绩经营风险提示,业绩承诺风险提示,5,公告事件
市场交易变动事项,业绩经营风险提示,业绩风险提示,5,公告事件
业务经营事项,技术研发事项,技术转让,3,公告事件
业务经营事项,进出口业务变动,加征关税,5,公告事件
业务经营事项,经营业绩披露,业绩大幅下降现场检查报告,3,公告事件
业务经营事项,经营业绩披露,业绩亏损,5,公告事件
业务经营事项,经营业绩披露,业绩亏损现场检查报告（中介）,3,公告事件
业务经营事项,经营业绩披露,业绩预减,4,公告事件
业务经营事项,经营业绩披露,业绩预亏,5,公告事件
业务经营事项,生产经营变动,调整经营战略,5,公告事件
业务经营事项,生产经营变动,公司被接管,5,公告事件
业务经营事项,生产经营变动,关闭工厂,4,公告事件
业务经营事项,生产经营变动,关闭矿山,4,公告事件
业务经营事项,生产经营变动,关闭门店,4,公告事件
业务经营事项,生产经营变动,生产经营外部条件发生重大变化,5,公告事件
业务经营事项,生产经营变动,限产,3,公告事件
业务经营事项,生产经营变动,业务生产暂停,5,公告事件
业务经营事项,生产经营变动,终止经营权,3,公告事件
业务经营事项,生产经营变动,转让经营权,3,公告事件
业务经营事项,收益权事项,转让公司收益权,3,公告事件
业务经营事项,收益权事项,转让股份收益权,3,公告事件
业务经营事项,收益权事项,转让融资租赁收益权,3,公告事件
业务经营事项,收益权事项,转让项目收益权,3,公告事件
业务经营事项,收益权事项,转让应收账款收益权,3,公告事件
业务经营事项,收益权事项,转让影视投资收益权,3,公告事件
业务经营事项,收益权事项,转让资产收益权,3,公告事件
业务经营事项,土地房屋资源事项,无偿收回闲置土地,3,公告事件
业务经营事项,土地房屋资源事项,闲置土地认定,4,公告事件
业务经营事项,战略业务合作,终止业务合作,3,公告事件
业务经营事项,战略业务合作,终止战略合作,3,公告事件
业务经营事项,知识产权事项,商标纠纷,5,公告事件
债券发行事项,超短期融资券,超短期融资券兑付风险,5,公告事件
债券发行事项,超短期融资券,超短期融资券取消发行,5,公告事件
债券发行事项,超短期融资券,超短期融资券未按期兑付,5,公告事件
债券发行事项,短期融资券,短期融资券兑付风险,5,公告事件
债券发行事项,短期融资券,短期融资券取消发行,5,公告事件
债券发行事项,短期融资券,短期融资券未按期兑付,5,公告事件
债券发行事项,发行可交债,可交债未能按期付息,5,公告事件
债券发行事项,发行可交债,可交债暂停转股,5,公告事件
债券发行事项,发行可交债,可交债获准批复到期,5,公告事件
债券发行事项,发行可交债,可交债取消发行,5,公告事件
债券发行事项,发行企业债,转移债券清偿义务,5,公告事件
债券发行事项,非公开发行公司债,私募公司债取消发行,5,公告事件
债券发行事项,非公开发行公司债,私募公司债获准批复到期,5,公告事件
债券发行事项,公开发行公司债,公司债未能按期付息,5,公告事件
债券发行事项,公开发行公司债,公司债暂停上市,5,公告事件
债券发行事项,公开发行公司债,私募债未能按期付息,5,公告事件
债券发行事项,公开发行公司债,公司债获准批复到期,5,公告事件
债券发行事项,公开发行公司债,公司债取消发行,5,公告事件
债券发行事项,公开发行公司债,终止筹划发行公司债,5,公告事件
债券发行事项,公开发行公司债,终止筹划发行可转债,5,公告事件
债券发行事项,公开发行可转债,可转债未能按期付息,5,公告事件
债券发行事项,公开发行可转债,可转债暂停转股,5,公告事件
债券发行事项,公开发行可转债,可转债批复失效,5,公告事件
债券发行事项,公开发行可转债,可转债取消发行,5,公告事件
债券发行事项,公开发行可转债,可转债暂缓发行,5,公告事件
债券发行事项,项目收益票据,项目收益票据取消发行,5,公告事件
债券发行事项,中期票据,中期票据处置,5,公告事件
债券发行事项,中期票据,中期票据兑付风险,5,公告事件
债券发行事项,中期票据,中期票据未能按期付息,5,公告事件
债券发行事项,中期票据,中期票据取消发行,5,公告事件
中介机构报告,评级公司出具报告,评级下调,5,公告事件
中介机构报告,评级公司出具报告,评级终止,5,公告事件
中介机构报告,评级公司出具报告,推迟评级,5,公告事件
中介机构报告,评级公司出具报告,业绩亏损关注报告（评级）,5,公告事件
中介机构变动,保荐机构变动,保荐机构变动,4,公告事件
中介机构变动,财务顾问变动,财务顾问变动,4,公告事件
中介机构变动,承销商变动,承销商变动,3,公告事件
中介机构变动,会计师变动,变更会计师,4,公告事件
中介机构变动,评级机构变动,评级机构变动,4,公告事件
中介机构变动,主办券商变动,主办券商变动,3,公告事件
中介机构变动,做市商变动,退出做市商,4,公告事件
重大交易事项,发行股份购买资产,发行股份购买资产承诺致歉,5,公告事件
重大交易事项,发行股份购买资产,发行股份购买资产未获通过,5,公告事件
重大交易事项,发行股份购买资产,终止筹划发行股份购买资产,5,公告事件
重大交易事项,发行股份购买资产,终止发行股份购买资产,5,公告事件
重大交易事项,吸收合并事项,吸收合并未获通过,5,公告事件
重大交易事项,吸收合并事项,终止吸收合并,5,公告事件
重大交易事项,吸收合并事项,终止吸收合并子公司,5,公告事件
重大交易事项,要约收购事项,撤回豁免要约收购,5,公告事件
重大交易事项,要约收购事项,终止筹划要约收购,5,公告事件
重大交易事项,重大资产出售交易,终止重大资产出售,5,公告事件
重大交易事项,重大资产出售交易,重大资产出售业绩承诺致歉,5,公告事件
重大交易事项,重大资产购买交易,终止筹划重大资产购买,5,公告事件
重大交易事项,重大资产购买交易,终止重大资产购买,5,公告事件
重大交易事项,重大资产购买交易,重大资产购买业绩承诺致歉,5,公告事件
重大交易事项,重大资产置换交易,终止筹划重大资产置换,5,公告事件
重大交易事项,重大资产置换交易,终止重大资产置换,5,公告事件
重大交易事项,重大资产置换交易,重大资产置换业绩承诺致歉,5,公告事件
重大交易事项,重大资产重组交易,终止筹划重大资产重组,5,公告事件
重大交易事项,重大资产重组交易,终止重大资产重组,5,公告事件
重大交易事项,重大资产重组交易,重大资产重组未获通过,5,公告事件
重大交易事项,重大资产重组交易,重大资产重组业绩承诺致歉,5,公告事件
市场交易变动事项,退市交易风险提示,股票停牌,5,公告事件
市场交易变动事项,退市交易风险提示,股票停牌进展,4,公告事件
重大交易事项,A股重大资产重组,A股重大资产重组-终止（审核不通过）,5,其他事件
重大交易事项,A股重大资产重组,A股重大资产重组-终止（撤回）,5,其他事件
重大交易事项,A股重大资产重组,A股重大资产重组-重组委未通过,5,其他事件
重大交易事项,A股重大资产重组,A股重大资产重组-复审未通过,5,其他事件
重大交易事项,A股重大资产重组,A股重大资产重组-证监会不予核准,5,其他事件
重大交易事项,A股重大资产重组,A股重大资产重组-不予注册,5,其他事件
重大交易事项,A股重大资产重组,A股重大资产重组-终止注册,5,其他事件
重大交易事项,A股重大资产重组,A股重大资产重组-申请撤回,5,其他事件
债券发行事项,,债券发行审核终止,5,其他事件
债券发行事项,,债券推迟/终止发行,5,其他事件
业务经营事项,知识产权事项,专利到期,5,其他事件
业务经营事项,知识产权事项,集成电路布图设计专利终止,5,其他事件
业务经营事项,投资项目审批事项,投资项目未通过审批,5,其他事件
业务经营事项,投资项目审批事项,环评项目未通过审批,5,其他事件
业务经营事项,矿业权相关事项,矿业权冻结,5,其他事件
业务经营事项,矿业权相关事项,采矿权登记注销,5,其他事件
业务经营事项,矿业权相关事项,探矿权登记注销,5,其他事件
业务经营事项,矿业权相关事项,油气探矿权登记注销,5,其他事件
业务经营事项,矿业权相关事项,油气采矿权登记注销,5,其他事件
业务经营事项,基金经营事项,失联机构,5,其他事件
业务经营事项,基金经营事项,已注销私募基金管理人,5,其他事件
业务经营事项,基金经营事项,不予登记机构,5,其他事件
业务经营事项,公司资质认证事项,取消资质星级冷链物流,5,其他事件
业务经营事项,公司资质认证事项,注销增值电信业务许可,5,其他事件
业务经营事项,公司资质认证事项,非正常广播电视制作许可,5,其他事件
业务经营事项,公司资质认证事项,拟注销跨地区增值电信业务许可,5,其他事件
业务经营事项,公司资质认证事项,游戏审批撤销,5,其他事件
业务经营事项,公司资质认证事项,经营异常专利代理机构,5,其他事件
业务经营事项,公司资质认证事项,违规擅自开展专利代理机构,5,其他事件
业务经营事项,公司资质认证事项,注销企业征信备案机构,5,其他事件
业务经营事项,公司资质认证事项,污染物排放严重超标,5,其他事件
业务经营事项,公司资质认证事项,排污许可证限期整改,5,其他事件
业务经营事项,公司资质认证事项,排污许可证许可注销,5,其他事件
业务经营事项,公司资质认证事项,排污许可证许可撤销,5,其他事件
业务经营事项,公司资质认证事项,撤销科技型中小企业编号,5,其他事件
业务经营事项,公司资质认证事项,取消高新技术企业资格,5,其他事件
业务经营事项,公司资质认证事项,退出保险中介机构许可,5,其他事件
业务经营事项,公司资质认证事项,注销第三方支付机构,5,其他事件
业务经营事项,公司资质认证事项,退出金融机构许可证,5,其他事件
业务经营事项,公司资质认证事项,退出保险机构许可证,5,其他事件
业务经营事项,公司资质认证事项,撤销钢铁准入资质,5,其他事件
业务经营事项,公司资质认证事项,撤销废钢铁加工准入资质,5,其他事件
业务经营事项,公司资质认证事项,撤销粘胶纤维准入资质,5,其他事件
业务经营事项,公司资质认证事项,撤销铅蓄电池准入资质,5,其他事件
业务经营事项,公司资质认证事项,撤销光伏制造准入资质,5,其他事件
业务经营事项,公司资质认证事项,撤销废塑料综合利用资质,5,其他事件
业务经营事项,公司资质认证事项,撤销废旧轮胎准入资质,5,其他事件
业务经营事项,公司资质认证事项,非正常小额贷款公司,5,其他事件
业务经营事项,公司资质认证事项,非正常典当行,5,其他事件
业务经营事项,公司资质认证事项,非正常融资担保公司,5,其他事件
业务经营事项,公司资质认证事项,非正常融资租赁公司,5,其他事件
业务经营事项,公司资质认证事项,非正常商业保理公司,5,其他事件
业务经营事项,产品认证事项,撤销安全标志产品,5,其他事件
业务经营事项,产品认证事项,暂停安全标志产品,5,其他事件
业务经营事项,产品认证事项,注销安全标志产品,5,其他事件
信用风险事项,信用中国公示事项,失信黑名单,5,其他事件
信用风险事项,信用中国公示事项,信用惩戒对象,5,其他事件
信用风险事项,税收信用事项,欠税公告,5,其他事件
信用风险事项,市场监管信用事项,经营异常,5,其他事件
信用风险事项,社会组织信用,活动异常社会组织,5,其他事件
信用风险事项,社会组织信用,严重违法失信社会组织,5,其他事件
信用风险事项,社会组织信用,已取缔社会组织,5,其他事件
信用风险事项,社会组织信用,涉嫌非法社会组织,5,其他事件
信用风险事项,其他信用事项,安全事故,5,其他事件
信用风险事项,其他信用事项,闲置土地,5,其他事件
信用风险事项,其他信用事项,能源行业联合奖惩对象,5,其他事件
信用风险事项,其他信用事项,假冒国企,5,其他事件
信用风险事项,其他信用事项,矿产勘探开采异常,5,其他事件
信用风险事项,金融市场信用事项,失去担保机构资质,5,其他事件
信用风险事项,金融市场信用事项,主体评级下调,5,其他事件
信用风险事项,金融市场信用事项,主体评级展望负面,5,其他事件
信用风险事项,金融市场信用事项,债项评级下调,5,其他事件
信用风险事项,金融市场信用事项,债项评级展望负面,5,其他事件
信用风险事项,金融市场信用事项,上市公司承诺超期未履行承诺,5,其他事件
信用风险事项,金融市场信用事项,上市公司承诺长期未履行承诺,5,其他事件
信用风险事项,金融市场信用事项,上市公司其他违反承诺,5,其他事件
信用风险事项,金融市场信用事项,证券市场失信主体,5,其他事件
信用风险事项,法律信用事项,失信被执行人,5,其他事件
信用风险事项,采购信用事项,军队采购失信名单,5,其他事件
信用风险事项,采购信用事项,政府采购失信主体,5,其他事件
信用风险事项,采购信用事项,军队采购暂停主体,5,其他事件
监管处罚事项,信用中国公示处罚,信用中国公示处罚,5,其他事件
监管处罚事项,金融监管处罚,银保监会处罚,5,其他事件
监管处罚事项,金融监管处罚,证监会处罚,5,其他事件
监管处罚事项,金融监管处罚,股转系统处罚,5,其他事件
监管处罚事项,金融监管处罚,央行处罚,5,其他事件
监管处罚事项,金融监管处罚,外汇处罚,5,其他事件
监管处罚事项,金融监管处罚,上交所处罚,5,其他事件
监管处罚事项,金融监管处罚,深交所处罚,5,其他事件
监管处罚事项,工商行政处罚,抽查检查,4,其他事件
监管处罚事项,工商行政处罚,双随机检查,4,其他事件
监管处罚事项,工商行政处罚,市场监督管理局处罚,4,其他事件
监管处罚事项,各部委监管处罚,审计处罚,4,其他事件
监管处罚事项,各部委监管处罚,航空处罚,4,其他事件
监管处罚事项,各部委监管处罚,税务处罚,4,其他事件
监管处罚事项,各部委监管处罚,知识产权处罚,4,其他事件
监管处罚事项,各部委监管处罚,文化和旅游处罚,4,其他事件
监管处罚事项,各部委监管处罚,环保处罚,5,其他事件
监管处罚事项,各部委监管处罚,应急管理处罚,4,其他事件
监管处罚事项,各部委监管处罚,财政处罚,4,其他事件
监管处罚事项,各部委监管处罚,商务局处罚,4,其他事件
监管处罚事项,各部委监管处罚,水利处罚,4,其他事件
监管处罚事项,各部委监管处罚,广电局处罚,4,其他事件
监管处罚事项,各部委监管处罚,矿山安全处罚,4,其他事件
监管处罚事项,各部委监管处罚,海关处罚,4,其他事件
监管处罚事项,各部委监管处罚,自然资源处罚,4,其他事件
监管处罚事项,各部委监管处罚,住建处罚,4,其他事件
监管处罚事项,各部委监管处罚,交通运输处罚,4,其他事件
监管处罚事项,各部委监管处罚,公安处罚,4,其他事件
监管处罚事项,各部委监管处罚,发改委处罚,4,其他事件
监管处罚事项,各部委监管处罚,能源处罚,4,其他事件
监管处罚事项,各部委监管处罚,铁路处罚,4,其他事件
监管处罚事项,各部委监管处罚,邮政处罚,4,其他事件
监管处罚事项,各部委监管处罚,统计局处罚,4,其他事件
股票发行事项,A股再融资事项,A股再融资-中止,5,其他事件
股票发行事项,A股再融资事项,A股再融资-终止（审核不通过）,5,其他事件
股票发行事项,A股再融资事项,A股再融资-终止（撤回）,5,其他事件
股票发行事项,A股再融资事项,A股再融资-发审委否决,5,其他事件
股票发行事项,A股再融资事项,A股再融资-上市委会议未通过,5,其他事件
股票发行事项,A股再融资事项,A股再融资-暂缓审议,5,其他事件
股票发行事项,A股再融资事项,A股再融资-复审未通过,5,其他事件
股票发行事项,A股再融资事项,A股再融资-证监会否决,5,其他事件
股票发行事项,A股再融资事项,A股再融资-不予注册,5,其他事件
股票发行事项,A股再融资事项,A股再融资-终止注册,5,其他事件
股票发行事项,A股IPO事项,IPO-终止上市辅导,5,其他事件
股票发行事项,A股IPO事项,IPO-终止（审核不通过）,5,其他事件
股票发行事项,A股IPO事项,IPO-终止（撤回）,5,其他事件
股票发行事项,A股IPO事项,IPO-发审会未通过,5,其他事件
股票发行事项,A股IPO事项,IPO-暂缓表决,5,其他事件
股票发行事项,A股IPO事项,IPO-上市委会议未通过,5,其他事件
股票发行事项,A股IPO事项,IPO-复审委会议未通过,5,其他事件
股票发行事项,A股IPO事项,IPO-不予注册,5,其他事件
股票发行事项,A股IPO事项,IPO-终止注册,5,其他事件
股票发行事项,A股IPO事项,IPO-挂牌委会议未通过,5,其他事件
股票发行事项,A股IPO事项,IPO-不予核准,5,其他事件
股票发行事项,A股IPO事项,IPO-终止核准,5,其他事件
股票发行事项,A股IPO事项,IPO-发行失败,5,其他事件
股票发行事项,A股IPO事项,IPO-发行暂缓,5,其他事件
股东实际控制人变动事项,,上市公司高管减持,5,其他事件
股东实际控制人变动事项,,三板公司高管减持,5,其他事件
法律相关事项,税务相关事项,重大税收违法,5,其他事件
法律相关事项,市场监督违法事项,严重违法,5,其他事件
法律相关事项,破产相关事项,破产债务人公示,5,其他事件
法律相关事项,破产相关事项,破产案件进展公告,5,其他事件
法律相关事项,破产相关事项,破产案件公示,5,其他事件
法律相关事项,矿产资源相关事项,矿产勘探开采严重违法,5,其他事件
法律相关事项,纪委相关事项,纪委审查调查,5,其他事件
法律相关事项,法院相关事项,司法拍卖,5,其他事件
法律相关事项,法院相关事项,清算信息,5,其他事件
法律相关事项,法院相关事项,庭审预告,5,其他事件
法律相关事项,法院相关事项,裁判文书,5,其他事件
法律相关事项,法院相关事项,法院公告,5,其他事件
法律相关事项,法院相关事项,开庭公告,5,其他事件
法律相关事项,法院相关事项,限制消费令,5,其他事件
法律相关事项,法院相关事项,终本案件,5,其他事件
法律相关事项,法院相关事项,立案信息,5,其他事件
法律相关事项,法院相关事项,被执行人（法院执行）,5,其他事件
法律相关事项,法院相关事项,司法冻结,5,其他事件
对外投融资事项,投融资工商信息事项,注销分支机构,5,其他事件
中介机构变动,债券监管行变动,债券监管行变动,5,公告事件
中介机构变动,债券受托管理人变动,债券受托管理人变动,5,公告事件
信用风险事项,金融市场信用事项,逾期票据承兑人,5,其他事件
信用风险事项,金融市场信用事项,延迟披露信用信息票据承兑人,5,其他事件
信用风险事项,金融市场信用事项,持续逾期票据承兑人,5,其他事件
信用风险事项,金融市场信用事项,信用信息未披露票据承兑人,5,其他事件
监管处罚事项,产品质量监管,产品质量监督抽查不合格,4,其他事件
监管处罚事项,产品质量监管,产品质量监督抽查连续两次不合格,5,其他事件
监管处罚事项,产品质量监管,缺陷汽车产品召回,5,其他事件
监管处罚事项,产品质量监管,缺陷消费品召回,5,其他事件
监管处罚事项,产品质量监管,食品安全抽检不合格,4,其他事件
监管处罚事项,产品质量监管,医疗器械飞行检查停产整改企业,5,其他事件
监管处罚事项,产品质量监管,海关未准入境食品化妆品,4,其他事件
业务经营事项,产品认证事项,撤销绿色食品认证证书,5,其他事件
业务经营事项,公司资质认证事项,特种设备许可证注销,5,其他事件
法律相关事项,市场监督违法事项,虚假违法广告,4,其他事件
信用风险事项,采购信用事项,医药采购失信企业,5,其他事件
信用风险事项,其他信用事项,文化和旅游市场轻微失信主体,4,其他事件
信用风险事项,其他信用事项,文化和旅游市场严重失信主体,5,其他事件
信用风险事项,其他信用事项,统计严重失信企业,5,其他事件
法律相关事项,市场监督违法事项,医保基金欺诈骗保案件,5,其他事件
公司人员变动,董监高变动,董监高无法履职,5,公告事件
债券发行事项,其他债券发行事项,债券违约进展,4,公告事件
债券发行事项,其他债券发行事项,债券未按时付息兑付,5,公告事件
债券发行事项,其他债券发行事项,DCM注册金额核减,4,公告事件
债券发行事项,其他债券发行事项,DCM注册金额注销,4,公告事件
中介机构报告,评级公司出具报告,列入评级观察,5,公告事件
重大交易事项,其他重大变动事项,涉及重大事项,5,公告事件
